{
	"info": {
		"_postman_id": "57d8592d-cb24-4ce5-954d-038e5b5a94eb",
		"name": "RBA credit card",
		"schema": "https://schema.getpostman.com/json/collection/v2.0.0/collection.json",
		"_exporter_id": "3287025"
	},
	"item": [
		{
			"name": "Create new user Success",
			"request": {
				"method": "POST",
				"header": [],
				"body": {
					"mode": "raw",
					"raw": "{\r\n    \"id\" : 111,\r\n    \"firstName\" : \"Hrvoje\",\r\n    \"lastName\" : \"Horvat\",\r\n    \"oib\" : \"12345678912\",\r\n        \"status\": {\r\n        \"id\": 3,\r\n        \"name\": \"Pending\"\r\n    }\r\n}",
					"options": {
						"raw": {
							"language": "json"
						}
					}
				},
				"url": "http://localhost:8010/credit-card-inventory/api/v1/users"
			},
			"response": []
		},
		{
			"name": "Create new user Fail because wrong card status name",
			"request": {
				"method": "POST",
				"header": [],
				"body": {
					"mode": "raw",
					"raw": "{\r\n    \"id\" : 111,\r\n    \"firstName\" : \"Test2\",\r\n    \"lastName\" : \"Klijent\",\r\n    \"oib\" : \"12345678923\",\r\n    \"status\": {\r\n        \"id\": 1,\r\n        \"name\": \"Krivi\"\r\n    }\r\n}",
					"options": {
						"raw": {
							"language": "json"
						}
					}
				},
				"url": "http://localhost:8010/credit-card-inventory/api/v1/users"
			},
			"response": []
		},
		{
			"name": "Create new user Fail because not valid OIB too short",
			"request": {
				"method": "POST",
				"header": [],
				"body": {
					"mode": "raw",
					"raw": "{\r\n    \"id\" : 111,\r\n    \"firstName\" : \"Test\",\r\n    \"lastName\" : \"Klijent\",\r\n    \"oib\" : \"55577788\",\r\n        \"status\": {\r\n        \"id\": 1,\r\n        \"name\": \"Approved\"\r\n    }\r\n}",
					"options": {
						"raw": {
							"language": "json"
						}
					}
				},
				"url": "http://localhost:8010/credit-card-inventory/api/v1/users"
			},
			"response": []
		},
		{
			"name": "Create new user Fail because OIB already exists",
			"request": {
				"method": "POST",
				"header": [],
				"body": {
					"mode": "raw",
					"raw": "{\r\n    \"id\" : 222,\r\n    \"firstName\" : \"Branko\",\r\n    \"lastName\" : \"Brankić\",\r\n    \"oib\" : \"12345678912\",\r\n        \"status\": {\r\n        \"id\": 1,\r\n        \"name\": \"Approved\"\r\n    }\r\n}",
					"options": {
						"raw": {
							"language": "json"
						}
					}
				},
				"url": "http://localhost:8010/credit-card-inventory/api/v1/users"
			},
			"response": []
		},
		{
			"name": "Get user by OIB Exception because user with oib not found",
			"request": {
				"method": "GET",
				"header": [],
				"url": "http://localhost:8010/credit-card-inventory/api/v1/users/99999999999"
			},
			"response": []
		},
		{
			"name": "Get user by OIB and forward to Card Creation API",
			"request": {
				"method": "GET",
				"header": [],
				"url": "http://localhost:8010/credit-card-inventory/api/v1/users/12345678912"
			},
			"response": []
		},
		{
			"name": "Delete user by oib",
			"request": {
				"method": "DELETE",
				"header": [],
				"url": "http://localhost:8010/credit-card-inventory/api/v1/users/12345678912"
			},
			"response": []
		},
		{
			"name": "Try Delete user by oib but OIB does not exists in database",
			"request": {
				"method": "DELETE",
				"header": [],
				"url": "http://localhost:8010/credit-card-inventory/api/v1/users/99999999999"
			},
			"response": []
		},
		{
			"name": "Kafka new message card status to Rejected",
			"request": {
				"method": "POST",
				"header": [],
				"body": {
					"mode": "raw",
					"raw": "{\r\n    \"oib\": \"12345678912\",\r\n    \"cardStatusTypeId\": 1\r\n}",
					"options": {
						"raw": {
							"language": "json"
						}
					}
				},
				"url": "http://localhost:8010/credit-card-inventory/api/v1/card-status"
			},
			"response": []
		},
		{
			"name": "Kafka new message card status but OIB does not exists",
			"request": {
				"method": "POST",
				"header": [],
				"body": {
					"mode": "raw",
					"raw": "{\r\n    \"oib\": \"12345678923\",\r\n    \"cardStatusTypeId\": 1\r\n}",
					"options": {
						"raw": {
							"language": "json"
						}
					}
				},
				"url": "http://localhost:8010/credit-card-inventory/api/v1/card-status"
			},
			"response": []
		}
	]
}